target,term,estimate,std_error,t_value,p_value
Urea_kg_ha,(Intercept),330.33206831780717,5.3558826995395545,61.67649421190756,0
Urea_kg_ha,DistrictAnuradhapura,0.5918804033820425,1.3880770980848258,0.4264031185289915,0.6698306014459994
Urea_kg_ha,DistrictBadulla,-0.2763108067421838,1.5039602243123293,-0.1837221505432593,0.8542381161721756
Urea_kg_ha,DistrictBatticaloa,2.433642555524245,1.4152019654277093,1.7196432841221625,0.08555283589099924
Urea_kg_ha,DistrictColombo,-0.10822479540095457,1.8213864037305683,-0.05941891033077236,0.9526205822288164
Urea_kg_ha,DistrictGalle,-0.9218492051651297,1.8490869379604156,-0.4985429220445146,0.6181211027008288
Urea_kg_ha,DistrictGampaha,-0.9604124644059113,1.8504170273703648,-0.5190248739608484,0.603764008624967
Urea_kg_ha,DistrictHambantota,-0.4082488585062639,1.424660007315853,-0.2865587974743741,0.7744608207165438
Urea_kg_ha,DistrictJaffna,0.5724156994528437,1.4290514281443352,0.40055640278540716,0.6887621063229403
Urea_kg_ha,DistrictKalutara,0.11350193125028278,1.8713606330963999,0.060652088775897596,0.951638464212567
Urea_kg_ha,DistrictKandy,-0.6425795269290413,1.8036942869924284,-0.35625744981457536,0.7216612599152527
Urea_kg_ha,DistrictKegalle,0.9059002761511602,1.480949672204853,0.6117022699376723,0.5407597164730522
Urea_kg_ha,DistrictKilinochchi,-0.22133266556001774,1.3972555977128784,-0.1584052809824558,0.8741431931069805
Urea_kg_ha,DistrictKurunegala,0.9537148744905121,1.4709001633914156,0.6483885842337231,0.5167603705346855
Urea_kg_ha,DistrictMannar,1.3163854957878898,1.4144593174751183,0.9306633846052955,0.35206803448130153
Urea_kg_ha,DistrictMatale,0.24472269763308369,1.50783013130069,0.16230123841734087,0.8710745245809738
Urea_kg_ha,DistrictMatara,0.8675082115099372,1.825077160900844,0.4753268684167533,0.6345726429324811
Urea_kg_ha,DistrictMonaragala,-1.793292977282912,1.4797811994622885,-1.2118636038453152,0.22561598286665208
Urea_kg_ha,DistrictMullaitivu,2.3879337055982948,1.4048745117322716,1.6997487573846495,0.08923400682565111
Urea_kg_ha,DistrictNuwara Eliya,-0.6217921298203191,1.8703138421124044,-0.3324533646813217,0.7395594544820283
Urea_kg_ha,DistrictPolonnaruwa,-0.3767885283239703,1.3868647143712483,-0.27168369374426826,0.7858753055601809
Urea_kg_ha,DistrictPuttalam,-1.3100637194903422,1.3955706050492582,-0.9387298032435285,0.3479101765327992
Urea_kg_ha,DistrictRatnapura,0.31945080629536443,1.8172251385433058,0.17579043978636424,0.8604649685715832
Urea_kg_ha,DistrictTrincomalee,0.756083768353825,1.3994183660588624,0.5402842971706594,0.5890225794289832
Urea_kg_ha,DistrictVavuniya,-1.3466480470091986,1.3709771108727395,-0.9822542158650238,0.3260172710207857
Urea_kg_ha,SeasonYala,0.05658435994937843,0.46282624953652535,0.12225832049509305,0.9026988486894258
Urea_kg_ha,Soil_pH,-0.44791213655767886,0.38482353024576255,-1.163941654689425,0.24449749332847526
Urea_kg_ha,Total_N_percent,-585.0179029386551,4.6130515988451135,-126.81798380168031,0
Urea_kg_ha,Available_P_mgkg,0.014282277488252008,0.06541765111248385,0.21832452320389836,0.8271842638173954
Urea_kg_ha,Available_K_mgkg,0.0039741495773858975,0.008351699956873385,0.4758491801558559,0.6342004849689988
Urea_kg_ha,Organic_Carbon_percent,0.0044620834363722755,0.5869422415311938,0.0076022530338449535,0.9939346102573678
Urea_kg_ha,Rainfall_30d_mm,-0.002632198703053808,0.0032869535864995746,-0.8008019078410399,0.4232804778818704
Urea_kg_ha,Temperature_mean_C,-0.05302870277514954,0.15231360744810202,-0.3481547293351191,0.7277371363321276
TSP_kg_ha,(Intercept),186.76135103650458,4.605080435577877,40.555502482350995,2.494914754e-315
TSP_kg_ha,DistrictAnuradhapura,-0.22805420931111198,1.190421120100741,-0.19157439788350913,0.8480825789633815
TSP_kg_ha,DistrictBadulla,-4.9875752267936,1.2689263171536975,-3.9305475498223785,8.577958598635054e-5
TSP_kg_ha,DistrictBatticaloa,-1.8185930926782552,1.1836772169694167,-1.5363927484677127,0.12449886282644348
TSP_kg_ha,DistrictColombo,-1.404100665789793,1.5404846288219711,-0.9114668458999992,0.36208887661555456
TSP_kg_ha,DistrictGalle,-3.3638565452730966,1.5550376322292296,-2.163199446466661,0.030568228366627686
TSP_kg_ha,DistrictGampaha,-1.1372003154771138,1.5809022150937908,-0.7193362781199257,0.47196391576352537
TSP_kg_ha,DistrictHambantota,-1.0295994568357614,1.2143349590022068,-0.8478710500781114,0.3965462074606584
TSP_kg_ha,DistrictJaffna,-1.319230827925628,1.2386878913047343,-1.0650227851473193,0.2869117669908944
TSP_kg_ha,DistrictKalutara,-1.8169435129253635,1.5976898015538539,-1.1372317149162945,0.25549033352868056
TSP_kg_ha,DistrictKandy,0.13280984890841038,1.5408650884989223,0.08619174378062579,0.9313170906850483
TSP_kg_ha,DistrictKegalle,-2.8672011216304645,1.2727104391327766,-2.252830678111018,0.02430856923618367
TSP_kg_ha,DistrictKilinochchi,-1.5272524364839437,1.1968908623619587,-1.2760164560618714,0.20200288866189595
TSP_kg_ha,DistrictKurunegala,-3.313949151419379,1.2556414936540403,-2.639247880997832,0.008332154691991457
TSP_kg_ha,DistrictMannar,-0.24874305475101424,1.2075743009661224,-0.20598571413121894,0.8368095958871384
TSP_kg_ha,DistrictMatale,-1.845507375746554,1.282610900006659,-1.4388676844528396,0.15024418308131487
TSP_kg_ha,DistrictMatara,-0.6809926328782645,1.5453179131148802,-0.4406812521221573,0.6594608667766195
TSP_kg_ha,DistrictMonaragala,-3.673344861491102,1.2690477567184488,-2.8945678695258676,0.003811553011663018
TSP_kg_ha,DistrictMullaitivu,-0.6804518914965989,1.2026589547307553,-0.56578956887153,0.5715596213052297
TSP_kg_ha,DistrictNuwara Eliya,-2.3217604028159076,1.5708374914232932,-1.4780398453007533,0.13945363500847044
TSP_kg_ha,DistrictPolonnaruwa,-1.2561691719145236,1.1932916465483827,-1.0526925044250626,0.2925275929314288
TSP_kg_ha,DistrictPuttalam,-1.7596490413208736,1.2075321532012886,-1.4572274838859305,0.14510994814918154
TSP_kg_ha,DistrictRatnapura,-2.135173035467322,1.5443821472738448,-1.3825419046939553,0.16686078110878746
TSP_kg_ha,DistrictTrincomalee,-1.9601979962067653,1.2193462685656613,-1.6075810840119935,0.1079836157897642
TSP_kg_ha,DistrictVavuniya,0.19995133426811215,1.1817175796842905,0.16920399400466857,0.8656423303574391
TSP_kg_ha,SeasonYala,0.10470117356362675,0.396563927070012,0.2640209217646317,0.7917735612887118
TSP_kg_ha,Soil_pH,0.08170788768842634,0.3318392130479759,0.2462273428686481,0.8055153201537736
TSP_kg_ha,Total_N_percent,-0.08668297904234093,3.934583957954625,-0.02203104063063447,0.982423983559382
TSP_kg_ha,Available_P_mgkg,-7.255322218495434,0.05618000099546464,-129.1442166240109,0
TSP_kg_ha,Available_K_mgkg,-0.008127566580494718,0.007173006241323796,-1.1330767473296879,0.2572307769525251
TSP_kg_ha,Organic_Carbon_percent,-0.38687080379730054,0.505424963084548,-0.7654366761710272,0.4440439802609857
TSP_kg_ha,Rainfall_30d_mm,-0.0014975869306391363,0.0028194086055461035,-0.5311705893545225,0.5953217435271605
TSP_kg_ha,Temperature_mean_C,-0.15318579785908357,0.13119232315499008,-1.1676430005596476,0.24300075913375377
MOP_kg_ha,(Intercept),130.99683134638897,3.764321205634711,34.79958913981712,2.8207766384500354e-240
MOP_kg_ha,DistrictAnuradhapura,-0.710575907373691,1.0048448767132243,-0.7071498535156332,0.4795029355222007
MOP_kg_ha,DistrictBadulla,-0.9989711640614387,1.0630707565653528,-0.9397033620687566,0.34741048086051507
MOP_kg_ha,DistrictBatticaloa,-0.16959996162209737,0.9937910465521677,-0.17065957900355713,0.8644976451813298
MOP_kg_ha,DistrictColombo,1.4236905074376607,1.269913577049517,1.1210924374439912,0.2622968398684726
MOP_kg_ha,DistrictGalle,-0.7371923510241356,1.303027974008021,-0.5657532806119154,0.5715842953285939
MOP_kg_ha,DistrictGampaha,0.6552730037984889,1.3162199248502877,0.497844616562101,0.6186132162931441
MOP_kg_ha,DistrictHambantota,0.33182672901835975,1.0101784230490596,0.32848328715712877,0.7425586246328715
MOP_kg_ha,DistrictJaffna,-0.5660510983397565,1.0024014624086346,-0.5646950045140723,0.5723039683865211
MOP_kg_ha,DistrictKalutara,1.5311316363292682,1.3132986821528527,1.1658670317245183,0.2437181207409646
MOP_kg_ha,DistrictKandy,0.9660565556503815,1.2708703537914914,0.760153506428304,0.44719500015850744
MOP_kg_ha,DistrictKegalle,-0.8233051420697124,1.0491509966484402,-0.7847346518278089,0.4326425289144732
MOP_kg_ha,DistrictKilinochchi,-0.6766195930181792,0.9917737855240273,-0.6822317779458863,0.49512076742153577
MOP_kg_ha,DistrictKurunegala,-0.36418787914106915,1.0729520830711872,-0.3394260423062214,0.7343015973008737
MOP_kg_ha,DistrictMannar,0.8411713255194023,1.0154225483428019,0.8283953580627272,0.4074821217518092
MOP_kg_ha,DistrictMatale,-0.7980277833613704,1.0806399612004847,-0.7384770247389705,0.46025573178847945
MOP_kg_ha,DistrictMatara,0.0714882825412767,1.2767112742586484,0.055994087294943026,0.9553485254018427
MOP_kg_ha,DistrictMonaragala,-0.3160019746004447,1.0496523052757412,-0.30105395187736167,0.763384589192911
MOP_kg_ha,DistrictMullaitivu,-1.2394298536458528,1.0011949944249723,-1.2379505096883836,0.2157865794626526
MOP_kg_ha,DistrictNuwara Eliya,0.5864740995809143,1.3178906866019695,0.44500967003042624,0.6563300549691775
MOP_kg_ha,DistrictPolonnaruwa,-0.2167710451377391,1.0004592436790674,-0.21667154010251322,0.8284722624055407
MOP_kg_ha,DistrictPuttalam,-0.21124809802634392,1.0071452896340691,-0.20974937797018114,0.8338709543766851
MOP_kg_ha,DistrictRatnapura,1.6072111184980153,1.285757993738011,1.250010597892891,0.21134818207202977
MOP_kg_ha,DistrictTrincomalee,0.09742981402659164,0.9911215553234116,0.09830258811675167,0.9216955596717475
MOP_kg_ha,DistrictVavuniya,1.017996863782254,0.9832976801534228,1.0352885848600977,0.3005790955432505
MOP_kg_ha,SeasonYala,-0.25439468347267946,0.32587203011908167,-0.7806582337849535,0.43503670025714436
MOP_kg_ha,Soil_pH,-0.3940406808096405,0.2710569647060712,-1.4537190779692024,0.14608053591371015
MOP_kg_ha,Total_N_percent,1.50827197771356,3.218463622537008,0.4686310471717059,0.639351717022594
MOP_kg_ha,Available_P_mgkg,0.05252934776975443,0.046104954387014105,1.1393427987979925,0.2546091897966271
MOP_kg_ha,Available_K_mgkg,-0.7885560445246352,0.005876834796108445,-134.18040014444605,0
MOP_kg_ha,Organic_Carbon_percent,-0.17122285743013446,0.4139295642518924,-0.413652157800303,0.6791447918262491
MOP_kg_ha,Rainfall_30d_mm,0.0014222066128377901,0.0022973656759861876,0.6190597464320873,0.5359023130943673
MOP_kg_ha,Temperature_mean_C,0.025623681979817806,0.10683754765610393,0.2398377961865718,0.810464828585107
