target,model,term,coefficient
Urea_kg_ha,Ridge,(Intercept),323.3370457828914
Urea_kg_ha,Ridge,DistrictAnuradhapura,0.39434337929255997
Urea_kg_ha,Ridge,DistrictBadulla,-0.31935332681486517
Urea_kg_ha,Ridge,DistrictBatticaloa,1.9271972441123428
Urea_kg_ha,Ridge,DistrictColombo,0.10035222472275199
Urea_kg_ha,Ridge,DistrictGalle,-0.6687495166307229
Urea_kg_ha,Ridge,DistrictGampaha,-0.8506679133061624
Urea_kg_ha,Ridge,DistrictHambantota,-0.41558350567445146
Urea_kg_ha,Ridge,DistrictJaffna,0.5061896156773789
Urea_kg_ha,Ridge,DistrictKalutara,0.37765418975041753
Urea_kg_ha,Ridge,DistrictKandy,-0.5593754111250051
Urea_kg_ha,Ridge,DistrictKegalle,0.7567363981193899
Urea_kg_ha,Ridge,DistrictKilinochchi,-0.17095356535594
Urea_kg_ha,Ridge,DistrictKurunegala,0.958605443551216
Urea_kg_ha,Ridge,DistrictMannar,1.184325020786502
Urea_kg_ha,Ridge,DistrictMatale,0.30655144708960874
Urea_kg_ha,Ridge,DistrictMatara,0.9381665539153403
Urea_kg_ha,Ridge,DistrictMonaragala,-1.670487729849424
Urea_kg_ha,Ridge,DistrictMullaitivu,2.1661467197996864
Urea_kg_ha,Ridge,DistrictNuwara Eliya,-0.39704111020344374
Urea_kg_ha,Ridge,DistrictPolonnaruwa,-0.23216514780260264
Urea_kg_ha,Ridge,DistrictPuttalam,-1.0742359606627003
Urea_kg_ha,Ridge,DistrictRatnapura,0.5905078751899053
Urea_kg_ha,Ridge,DistrictTrincomalee,0.5588513851809462
Urea_kg_ha,Ridge,DistrictVavuniya,-1.5181181229809433
Urea_kg_ha,Ridge,Agro_ZoneIntermediate,0.003572972723223328
Urea_kg_ha,Ridge,Agro_ZoneWet,-0.044591500284347385
Urea_kg_ha,Ridge,SeasonYala,0.012895032477439202
Urea_kg_ha,Ridge,Soil_pH,-0.40508946236563576
Urea_kg_ha,Ridge,Total_N_percent,-538.3749110747945
Urea_kg_ha,Ridge,Available_P_mgkg,0.009130211056864974
Urea_kg_ha,Ridge,Available_K_mgkg,0.0012468131069676776
Urea_kg_ha,Ridge,Organic_Carbon_percent,-0.042344378553590425
Urea_kg_ha,Ridge,Rainfall_30d_mm,-0.002251277682022561
Urea_kg_ha,Ridge,Temperature_mean_C,-0.009527730396213702
Urea_kg_ha,LASSO,(Intercept),325.37960607183015
Urea_kg_ha,LASSO,DistrictAnuradhapura,0
Urea_kg_ha,LASSO,DistrictBadulla,0
Urea_kg_ha,LASSO,DistrictBatticaloa,0.6780182598300951
Urea_kg_ha,LASSO,DistrictColombo,0
Urea_kg_ha,LASSO,DistrictGalle,0
Urea_kg_ha,LASSO,DistrictGampaha,0
Urea_kg_ha,LASSO,DistrictHambantota,0
Urea_kg_ha,LASSO,DistrictJaffna,0
Urea_kg_ha,LASSO,DistrictKalutara,0
Urea_kg_ha,LASSO,DistrictKandy,0
Urea_kg_ha,LASSO,DistrictKegalle,0
Urea_kg_ha,LASSO,DistrictKilinochchi,0
Urea_kg_ha,LASSO,DistrictKurunegala,0
Urea_kg_ha,LASSO,DistrictMannar,0
Urea_kg_ha,LASSO,DistrictMatale,0
Urea_kg_ha,LASSO,DistrictMatara,0
Urea_kg_ha,LASSO,DistrictMonaragala,-0.3453160215138848
Urea_kg_ha,LASSO,DistrictMullaitivu,0.758486865543625
Urea_kg_ha,LASSO,DistrictNuwara Eliya,0
Urea_kg_ha,LASSO,DistrictPolonnaruwa,0
Urea_kg_ha,LASSO,DistrictPuttalam,-0.125632935605544
Urea_kg_ha,LASSO,DistrictRatnapura,0
Urea_kg_ha,LASSO,DistrictTrincomalee,0
Urea_kg_ha,LASSO,DistrictVavuniya,-0.26196659955704293
Urea_kg_ha,LASSO,Agro_ZoneIntermediate,0
Urea_kg_ha,LASSO,Agro_ZoneWet,0
Urea_kg_ha,LASSO,SeasonYala,0
Urea_kg_ha,LASSO,Soil_pH,0
Urea_kg_ha,LASSO,Total_N_percent,-578.1052463116204
Urea_kg_ha,LASSO,Available_P_mgkg,0
Urea_kg_ha,LASSO,Available_K_mgkg,0
Urea_kg_ha,LASSO,Organic_Carbon_percent,0
Urea_kg_ha,LASSO,Rainfall_30d_mm,0
Urea_kg_ha,LASSO,Temperature_mean_C,0
TSP_kg_ha,Ridge,(Intercept),178.05118299076702
TSP_kg_ha,Ridge,DistrictAnuradhapura,0.5427724090067608
TSP_kg_ha,Ridge,DistrictBadulla,-3.4231887239541754
TSP_kg_ha,Ridge,DistrictBatticaloa,-0.9378838376505302
TSP_kg_ha,Ridge,DistrictColombo,0.1546569534298369
TSP_kg_ha,Ridge,DistrictGalle,-1.6144320280195956
TSP_kg_ha,Ridge,DistrictGampaha,0.33975818270884034
TSP_kg_ha,Ridge,DistrictHambantota,-0.2636810033960515
TSP_kg_ha,Ridge,DistrictJaffna,-0.5159003942197145
TSP_kg_ha,Ridge,DistrictKalutara,-0.25275528086145993
TSP_kg_ha,Ridge,DistrictKandy,1.5242114335729875
TSP_kg_ha,Ridge,DistrictKegalle,-1.3927489078026292
TSP_kg_ha,Ridge,DistrictKilinochchi,-0.7262862430476292
TSP_kg_ha,Ridge,DistrictKurunegala,-1.5606274282945904
TSP_kg_ha,Ridge,DistrictMannar,0.6408215114626751
TSP_kg_ha,Ridge,DistrictMatale,-0.564748934822809
TSP_kg_ha,Ridge,DistrictMatara,0.9524154019217563
TSP_kg_ha,Ridge,DistrictMonaragala,-1.89928225446724
TSP_kg_ha,Ridge,DistrictMullaitivu,0.33580069004741026
TSP_kg_ha,Ridge,DistrictNuwara Eliya,-0.6273683037041563
TSP_kg_ha,Ridge,DistrictPolonnaruwa,-0.5235370594067252
TSP_kg_ha,Ridge,DistrictPuttalam,-0.7948787910040268
TSP_kg_ha,Ridge,DistrictRatnapura,-0.5498662405026369
TSP_kg_ha,Ridge,DistrictTrincomalee,-0.83257389927632
TSP_kg_ha,Ridge,DistrictVavuniya,1.0498777993884985
TSP_kg_ha,Ridge,Agro_ZoneIntermediate,-2.312927810592271
TSP_kg_ha,Ridge,Agro_ZoneWet,0.1322962454371205
TSP_kg_ha,Ridge,SeasonYala,0.1804442573856745
TSP_kg_ha,Ridge,Soil_pH,0.11244446653214904
TSP_kg_ha,Ridge,Total_N_percent,-0.11130164864507362
TSP_kg_ha,Ridge,Available_P_mgkg,-6.561241989091382
TSP_kg_ha,Ridge,Available_K_mgkg,-0.006395858524048033
TSP_kg_ha,Ridge,Organic_Carbon_percent,-0.29735694125359646
TSP_kg_ha,Ridge,Rainfall_30d_mm,-9.641491549984756e-4
TSP_kg_ha,Ridge,Temperature_mean_C,-0.14100773011405124
TSP_kg_ha,LASSO,(Intercept),180.05198982270588
TSP_kg_ha,LASSO,DistrictAnuradhapura,0.057300176021156085
TSP_kg_ha,LASSO,DistrictBadulla,-1.3040844507796805
TSP_kg_ha,LASSO,DistrictBatticaloa,0
TSP_kg_ha,LASSO,DistrictColombo,0
TSP_kg_ha,LASSO,DistrictGalle,-1.0164777585734228
TSP_kg_ha,LASSO,DistrictGampaha,0
TSP_kg_ha,LASSO,DistrictHambantota,0
TSP_kg_ha,LASSO,DistrictJaffna,0
TSP_kg_ha,LASSO,DistrictKalutara,0
TSP_kg_ha,LASSO,DistrictKandy,0.39496909680712666
TSP_kg_ha,LASSO,DistrictKegalle,0
TSP_kg_ha,LASSO,DistrictKilinochchi,0
TSP_kg_ha,LASSO,DistrictKurunegala,0
TSP_kg_ha,LASSO,DistrictMannar,0
TSP_kg_ha,LASSO,DistrictMatale,0
TSP_kg_ha,LASSO,DistrictMatara,0
TSP_kg_ha,LASSO,DistrictMonaragala,0
TSP_kg_ha,LASSO,DistrictMullaitivu,0
TSP_kg_ha,LASSO,DistrictNuwara Eliya,0
TSP_kg_ha,LASSO,DistrictPolonnaruwa,0
TSP_kg_ha,LASSO,DistrictPuttalam,0
TSP_kg_ha,LASSO,DistrictRatnapura,0
TSP_kg_ha,LASSO,DistrictTrincomalee,0
TSP_kg_ha,LASSO,DistrictVavuniya,0.5383825325010066
TSP_kg_ha,LASSO,Agro_ZoneIntermediate,-1.476337910832728
TSP_kg_ha,LASSO,Agro_ZoneWet,0
TSP_kg_ha,LASSO,SeasonYala,0
TSP_kg_ha,LASSO,Soil_pH,0
TSP_kg_ha,LASSO,Total_N_percent,0
TSP_kg_ha,LASSO,Available_P_mgkg,-7.191424080726813
TSP_kg_ha,LASSO,Available_K_mgkg,-0.002219722986072219
TSP_kg_ha,LASSO,Organic_Carbon_percent,-0.2596744550113911
TSP_kg_ha,LASSO,Rainfall_30d_mm,-5.445034971767203e-5
TSP_kg_ha,LASSO,Temperature_mean_C,0
MOP_kg_ha,Ridge,(Intercept),123.07462278712131
MOP_kg_ha,Ridge,DistrictAnuradhapura,-0.5183197988054622
MOP_kg_ha,Ridge,DistrictBadulla,-0.8316871521631733
MOP_kg_ha,Ridge,DistrictBatticaloa,0.0789387783487857
MOP_kg_ha,Ridge,DistrictColombo,0.2719549064696283
MOP_kg_ha,Ridge,DistrictGalle,-1.6083368857982967
MOP_kg_ha,Ridge,DistrictGampaha,-0.08270438088527265
MOP_kg_ha,Ridge,DistrictHambantota,0.5243606798238424
MOP_kg_ha,Ridge,DistrictJaffna,-0.34004912702005674
MOP_kg_ha,Ridge,DistrictKalutara,0.3708963482533425
MOP_kg_ha,Ridge,DistrictKandy,-0.19125812257981872
MOP_kg_ha,Ridge,DistrictKegalle,-0.6066402754892223
MOP_kg_ha,Ridge,DistrictKilinochchi,-0.6864153526602136
MOP_kg_ha,Ridge,DistrictKurunegala,-0.04066773593672787
MOP_kg_ha,Ridge,DistrictMannar,0.7275689470553934
MOP_kg_ha,Ridge,DistrictMatale,-0.5851393874501344
MOP_kg_ha,Ridge,DistrictMatara,-0.7529944530505894
MOP_kg_ha,Ridge,DistrictMonaragala,-0.28314520855362557
MOP_kg_ha,Ridge,DistrictMullaitivu,-1.2243254416101237
MOP_kg_ha,Ridge,DistrictNuwara Eliya,-0.4774813927718923
MOP_kg_ha,Ridge,DistrictPolonnaruwa,-0.06718799332927161
MOP_kg_ha,Ridge,DistrictPuttalam,-0.11746841613788797
MOP_kg_ha,Ridge,DistrictRatnapura,0.6428259914355092
MOP_kg_ha,Ridge,DistrictTrincomalee,0.30871374461274004
MOP_kg_ha,Ridge,DistrictVavuniya,1.1670656509637347
MOP_kg_ha,Ridge,Agro_ZoneIntermediate,-0.5765514894687784
MOP_kg_ha,Ridge,Agro_ZoneWet,-0.3991995280449382
MOP_kg_ha,Ridge,SeasonYala,-0.27307962835580274
MOP_kg_ha,Ridge,Soil_pH,-0.24552785957403106
MOP_kg_ha,Ridge,Total_N_percent,0.7520648818918335
MOP_kg_ha,Ridge,Available_P_mgkg,0.06328200811612636
MOP_kg_ha,Ridge,Available_K_mgkg,-0.7114895703420142
MOP_kg_ha,Ridge,Organic_Carbon_percent,-0.24428711234838796
MOP_kg_ha,Ridge,Rainfall_30d_mm,0.001342488851060978
MOP_kg_ha,Ridge,Temperature_mean_C,0.048968362725619725
MOP_kg_ha,LASSO,(Intercept),130.22374971042927
MOP_kg_ha,LASSO,DistrictAnuradhapura,0
MOP_kg_ha,LASSO,DistrictBadulla,0
MOP_kg_ha,LASSO,DistrictBatticaloa,0
MOP_kg_ha,LASSO,DistrictColombo,0.25244723418719806
MOP_kg_ha,LASSO,DistrictGalle,-0.6470528953857941
MOP_kg_ha,LASSO,DistrictGampaha,0
MOP_kg_ha,LASSO,DistrictHambantota,0
MOP_kg_ha,LASSO,DistrictJaffna,0
MOP_kg_ha,LASSO,DistrictKalutara,0.28434351480999265
MOP_kg_ha,LASSO,DistrictKandy,0
MOP_kg_ha,LASSO,DistrictKegalle,0
MOP_kg_ha,LASSO,DistrictKilinochchi,0
MOP_kg_ha,LASSO,DistrictKurunegala,0
MOP_kg_ha,LASSO,DistrictMannar,0.3086998153048362
MOP_kg_ha,LASSO,DistrictMatale,0
MOP_kg_ha,LASSO,DistrictMatara,0
MOP_kg_ha,LASSO,DistrictMonaragala,0
MOP_kg_ha,LASSO,DistrictMullaitivu,-0.4895130367163373
MOP_kg_ha,LASSO,DistrictNuwara Eliya,0
MOP_kg_ha,LASSO,DistrictPolonnaruwa,0
MOP_kg_ha,LASSO,DistrictPuttalam,0
MOP_kg_ha,LASSO,DistrictRatnapura,0.4384052443933939
MOP_kg_ha,LASSO,DistrictTrincomalee,0
MOP_kg_ha,LASSO,DistrictVavuniya,0.5351414054525288
MOP_kg_ha,LASSO,Agro_ZoneIntermediate,-0.21003935294615778
MOP_kg_ha,LASSO,Agro_ZoneWet,0.3455534800200782
MOP_kg_ha,LASSO,SeasonYala,-0.0018908020448021006
MOP_kg_ha,LASSO,Soil_pH,-0.2115386658702684
MOP_kg_ha,LASSO,Total_N_percent,0
MOP_kg_ha,LASSO,Available_P_mgkg,0
MOP_kg_ha,LASSO,Available_K_mgkg,-0.780701522887865
MOP_kg_ha,LASSO,Organic_Carbon_percent,0
MOP_kg_ha,LASSO,Rainfall_30d_mm,0.0013244805275680093
MOP_kg_ha,LASSO,Temperature_mean_C,0
